{
	"sProcessing": "Procesando...",
	"sLengthMenu": "Mostrar _MENU_ registros",
	"sZeroRecords": "No se encontraron resultados",
	"sEmptyTable": "Ningún dato disponible en esta tabla",
	"sInfo": "Registros del _START_ al _END_ de _TOTAL_ ",
	"sInfoEmpty": "Registros del 0 al 0 de 0",
	"sInfoFiltered": "(filtrado de un total de _MAX_ registros)",
	"sInfoPostFix": "",
	"sSearch": "Buscar:",
	"sUrl": "",
	"sInfoThousands": ",",
	"sLoadingRecords": "Cargando...",
	"oPaginate": {
		"sFirst": "Primero",
		"sLast": "Último",
		"sNext": "Sig",
		"sPrevious": "Ant"
	},
	"oAria": {
		"sSortAscending": ": Activar para ordenar la columna de manera ascendente",
		"sSortDescending": ": Activar para ordenar la columna de manera descendente"
	},
	"buttons": {
		"copy": "Copiar",
		"colvis": "Visibilidad"
	}
}
